Chelsea Jeffery,41
Ethan Addison,12
Dasha Rixon,89
Clint Carpenter,27
Enoch Price,52
Cynthia Addley,40
Holly Morris,87
Carmen Rivers,83
Doug Turner,82
Rufus Wilkinson,76
Tania Spencer,41
Gabriel Gregory,61
Sabrina Edwards,59
Nicholas Utterson,38
Sonya Jenkin,63
Margaret Antcliff,77
Jane Allcott,97
Mark Vince,4
Logan Bryson,3
Kieth Andrews,3
Cedrick Gordon,69
Claire Whitehouse,13
Anthony Casey,69
Carmen Coleman,73
Mabel James,13
Aeris Shields,75
Mark Hall,53
Kieth Mcgregor,3
Johnny Kerr,78
Olivia Hall,53
Ada Rodgers,23
Caitlyn Thomas,50
Luke Murray,12
Jayden Allcott,66
Henry Robe,70
Anthony Adams,95
Mike Radcliffe,83
Dani Foxley,28
Candace Oakley,24
Valerie Torres,4
Parker May,74
Zara Tate,54
Barry Talbot,74
Leilani Locke,41
Miley Wright,71
William Vaughn,42
Cristal Vallins,73
Wade Price,27
Cassandra Stevenson,42
Jocelyn Vallins,33