Shay Plant,1
Chris Ashley,96
Benny Whitehouse,98
Logan Pitt,20
Amelia Malone,78
Bryon Vernon,16
Jacqueline Riley,5
Abdul Cunningham,35
Priscilla Parr,14
Rihanna Michael,79
Leilani Briggs,55
Peyton Asher,53
Roger Wilde,82
Ciara Hobbs,1
Gil Woodcock,2
Bryon Griffiths,25
Elena Shields,44
Alba Thomas,21
Jules Paterson,67
Daphne Ebden,29
Wade Gregory,24
Tara Stone ,24
Sebastian Spencer,25
Tyler Michael,78
Mabel Furnell,77
Bob Norman,88
Russel Rycroft,27
Joseph Kidd,30
Hadley Brown,50
Lucas Jordan,1
Alexia Hood,10
Martin Whitehouse,40
Josh Crawley,30
Peter Whitehouse,3
Maxwell Hastings,64
Bernadette Shaw,79
Paige Bright,53
Ryan Randall,3
Javier Cassidy,61
David Edwards,58
Doug Evans,76
Vera Ellis,34
Tyson Stuart,6
Emely Raven,71
Penelope Wilde,3
Doug Baxter,10
Barry Hopkins,82
Liam Villiger,92
Russel Barclay,4
Alexander Hale,92
Roger Allwood,19
Chris Stanley,24
Quinn Stevens,54
Julianna Judd,1
Martha Sanchez,30
Jamie Coll,83
Kaylee Keys,92
Ramon Booth,76
Mandy Morrison,12
Oliver Collins,86
Nicholas Jackson,23
Manuel Vaughan,25
Ivy Norris,98
Maggie Exton,57
Ramon Reynolds,57
Fred Drew,18
Sasha Rose,70
Mackenzie Norris,57
George Roscoe,64
Blake Parker,18
Charlotte Hunt,16
Alan Watt,86
Jasmine Vollans,17
Havana Harris,85
Shannon Crawford,58
Mike Stone,83
Stacy Connell,85
Anais Stone,64
Grace Freeburn,5
Leroy Verdon,81
Judith Brooks,11
Chanelle Rogan,9
Kirsten Dixon,33
Lucas Pickard,26
Agnes White,83
Melinda Welsch,45
Sonya Ralph,48
Ron Willis,64
Chadwick Lane,31
Phillip Hopkinson,12
Jasmine Utterson,36
Jack Donovan,60
Zara Knight,85
Alexa Hewitt,42
Claire Edmonds,15
Goldie Furnell,16
Penelope Chapman,7
Sara Addley,68
Wade Davies,37
Quinn Wild,21
Carrie Marshall,65
Tony Clifton,22
Sebastian Steer,38
Daron Walker,54
Kimberly Zaoui,48
Kenzie Addis,22
Lynn Blackburn,70
Johnathan Shea,93
Brad Robertson,96
Joy Cunningham,76
Mason Gunn,48
Gabriel Palmer,26
Rita Nobbs,61
Lara Davies,86
Johnny Pond,94
Agnes Edley,60
Marilyn Stone,92
Chloe Brown,70
Adelaide Drake,89
Eryn Bradley,83
Agnes Hewitt,46
Penny Ellery,24
Rosemary Wilson,77
Elisabeth Tyrrell,36
Marilyn Cunningham,46
Benny Niles,2
Chad Stubbs,12
Lily Gaynor,32
Maggie Drew,83
Camden Verdon,95
Joy Flett,91
Angel Clark,43
Boris Lane,23
Lucy Rosenbloom,96
Regina Rigg,11
Ronald Widdows,85
Adalie Quinnell,75
Miley York,81
Alan Shields,74
Doris Atkinson,98
Evie Pratt,56
Alan Campbell,60
Chad Hood,91
Louise Hopkins,3
Juliette Harrington,41
Wade Mason,70
Gil King,95
Harvey Hunter,76
Harvey Jeffery,88
Eryn Horton,55
Marissa Isaac,39
Aiden Woods,16
Lucas Eastwood,78
Mackenzie Vince,25
Benjamin Graves,82
Doris Simpson,59
Britney Malone,58
Mason Janes,20
Benny Bradley,21
Elijah Addison,83
Stella Walsh,30
Carter Vernon,14
Nathan Adams,5
Marvin Murphy,65
Cristal Stanley,7
Judith Coll,2
Chuck Cann,49
Sofie Wheeler,72
Lorraine Poulton,15
Andrea Sawyer,81
Nina Blythe,93
Daron Richardson,36
Tom Jackson,13
Russel Wild,80
Brad Edler,67
Alexa Patel,33
Sebastian Strong,74
Jayden Dale,93
Clarissa Edley,59
Noah Dyson,74
Jolene Mcgregor,71
Alan Saunders,65
Nathan Utterson,63
Brad Shaw,19
Remy Jefferson,46
Nicholas James,83
Jenna Holt,73
John Webster,23
Rufus Oakley,70
Stephanie Gibbons,78
Jayden Clifford,58
Carl Russell,56
Nick Rixon,94
Judith Franks,61
Jacqueline Sinclair,74
Havana Tanner,27
Kurt Jackson,84
Peter Russel,13
Sage Lindop,9
Sienna Styles,7
Raquel Niles,34
Tony Graves,13
Marvin Mcnally,32
Kendra Cavanagh,66
Jolene Walsh,47
Raquel Bell,18
Ryan Shelton,86
Mark Giles,73
Russel Varley,18
Clint Phillips,18
Angelica Vernon,36
Matt Reid,79
Winnie Funnell,18
Maddison Cadman,39
Noah Mullins,2
Jacob Atkinson,83
Lana Stewart,80
Carol Talbot,92
David Daniells,91
Kamila Reid,11
Wade Bradley,75
Nicholas Larsen,87
Barry Osmond,44
Carol Latham,19
Josh Rose,87
Tyler Skinner,59
Jules Archer,43
Chanelle Watt,1
David Mills,87
Marina Hall,34
Peter Roth,31
Hannah Fleming,57
Jenna Stevens,16
Aileen Weatcroft,65
Angela Stewart,90
Abdul Bayliss,15
Peter Warner,19
Maxwell Hill,97
Chadwick Townend,19
Grace Antcliff,51
Chadwick Wilton,45
Laila Leslie,6
Esmeralda Callan,78
Josephine Wilkinson,48
Harvey Poole,72
Marissa Watson,84
Bart Ripley,63
Brad James,97
Felicity Gallacher,2
Sebastian Gaynor,68
Penny Leigh,71
Janice Uttley,89
Rufus Coates,32
Tyler Moore,94
Nicole Reynolds,67
Isabel Quinnell,55
Dorothy Fox,10
Sebastian Shea,67
Javier Briggs,95
Luke Addison,30
Martha Thompson,5
Carter Wise,46
Zoe Tennant,25
Domenic Sloan,95
Logan Benfield,88
Ronald Dowson,87
Blake Knight,80
Jane Alldridge,27
Manuel Windsor,16
Thea Gunn,4
Penelope Vass,77
Hanna Tennant,24
Laila Reynolds,24
Martin James,67
Logan Palmer,19
Angela Simpson,10
Doug Locke,58
Ron Asher,71
Johnathan Ripley,64
Anais Norris,84
Sadie Farrell,72
Josh Rogers,79
Nicholas Bingham,40
Rosie Pond,42
Andie Reid,6
Owen Abbot,66
Meredith Goodman,98
Daniel Clark,9
Owen Clarke,77
Elly Vaughan,3
Sabrina Walsh,9
Ryan Booth,25
Alison Rivers,83
Harriet Adams,72
Kurt Allen,8
Blake Kelly,39
Mason Lane,84
Zoe Chapman,74
Denis Flynn,85
Angelina Kennedy,64
Gwenyth Gregory,11
Cassandra Scott,91
Roger Johnson,73
Luke Simpson,77
Josh Mcneill,26
Jacob Rixon,87
Penny Whittle,62
Penelope Gilmore,88
Liam Kennedy,31
Clint Garner,56
Joseph Ralph,69
Marvin Mcleod,14
Karen Darcy,49
Chris Reese,94
Sharon Sawyer,49
Liv Irwin,58
Brad Burnley,44
Alan Reynolds,89
Ronald Johnson,16
Enoch Simpson,3
Rylee Hamilton,23
Candace Bayliss,58
Erick Myatt,31
Gina Lane,5
Logan Morrison,63
Aileen Ebbs,6
Renee Morris,18
Ruth Selby,91
Bethany Price,52
Benny Callan,86
Barney Clarke,85
Tom Richardson,27
Javier Gilbert,62
Florence Hopkins,91
Brad Bryant,10
Clint Rothwell,57
Tess Lloyd,66
Denny Jones,40
Aeris Milner,37
Rick Carter,71
Cedrick Cox,11
Cecilia Corbett,87
Marla Walton,41
Alexander Hepburn,5
Mya Fowler,92
Owen Healy,77
Kurt Exton,70
Macy Ianson,7
Violet Hooper,81
Maxwell Cunningham,95
Hadley Dyson,81
Greta Goodman,82
Kate Bryant,97
Cassidy Walton,60
Josephine Bolton,58
Domenic Walker,18
Abdul Cooper,13
Callie Rogers,60
Alex Phillips,67
Doug Hudson,85
Marvin Yates,28
Sebastian Graves,32
Sebastian Harrison,18
Blake Tyler,20
Sage Judd,74
Jayden Sloan,61
Doug Long,2
Abbey Torres,15
Isabel Patel,99
Nicholas Fox,21
Rosemary Steer,75
Luke Vernon,93
Percy Russell,22
Emely Knight,10
Bridget Lambert,64
Wade Carpenter,85
Michael Fall,45
Harvey Garner,30
Javier Jenkins,10
Henry Adams,2
Erica Chester,8
Bart Cameron,53
Savannah Wright,50
Carter Bentley,31
Sebastian Whitmore,10
Sasha Walsh,20
Abdul Weston,43
Molly Tyrrell,24
Rocco Villiger,29
Bart Osman,94
Rose Ingham,30
Alison Waterhouse,63
Noah Brock,94
Hayden Bowen,99
Erick Nelson,35
Carl Tennant,56
Isabel Phillips,64
Rita Glynn,11
Clarissa Steer,65
Wade Hewitt,51
Matt Newman,39
Doug Wilson,32
Christine Thorpe,41
Taylor Radley,87
Tom Farrow,69
Camden Steer,65
Holly Yang,48
Barney Bullock,76
Ronald Lynn,37
Denis Dwyer,23
Ronald Robinson,14
Ron Fox,9
Wade Marshall,82
Paige Evans,73
Ronald Saunders,59
Julianna Hopkins,98
Jazmin Jackson,53
Maxwell Redden,54
Josh Driscoll,73
Davina Cavanagh,15
Chadwick Craig,54
Lucas Turner,37
Julius Todd,46
Caleb Notman,5
Ryan Morrison,26
William Corbett,8
Julian Vallins,23
Bart Forth,96
Marissa Dyson,15
Matt Ralph,77
Mark Thorpe,30
Anthony Morrow,30
Sofie Coates,6
Cameron Seymour,25
Carl Reese,10
Tyson Mason,18
Jamie Mills,83
Benny Rigg,44
Hadley Jenkin,71
Erick Pratt,85
Tess Hardwick,5
William Exton,55
Alison Chapman,12
Henry Avery,48
Tony Weldon,26
Victoria Lloyd,61
Denis Turner,79
Hazel Blackwall,45
Bree Lakey,70
Sofie Goodman,55
Cristal Norburn,17
Ron Murphy,34
Michaela Varley,59
Henry Martin,1
Jack Haines,92
Doris Redfern,87
Hazel Jackson,40
Evelynn Gilmour,96
Marvin Warden,89
Noah Callan,66
Dani Adams,38
Carter Devonport,72
Owen Rivers,93
Melinda Silva,35
Evelynn Collins,26
Angelina Holmes,18
Martin Vollans,96
Daron Rivers,72
Bart Ventura,9
Lindsay Brett,60
Harry Harris,79
Gwenyth Randall,23
Domenic Murphy,26
Mason Ellis,94
Mike James,19
Lara Gibson,38
Denny Mcleod,39
Henry Owens,54
Estrella Furnell,75
Percy Evans,60
Anabelle Cassidy,93
Harvey Hopkinson,84
Monica Wright,43
Manuel Lloyd,69
Bryon Kelly,22
Leah Alcroft,90
Cedrick Edley,24
Scarlett Dixon,29
Matt Flack,42
Nick Kent,74
Logan Weston,99
Hanna Victor,75
Peter Garner,68
Jacob Gibbons,95
Alba Paterson,96
Barry Devonport,18
Christine Taylor,29
Tony Stevenson,73
Rowan Hunt,15
Eileen Payne,56
Mabel Dixon,2
Megan Antcliff,81
Bridget Collingwood,34
George Saunders,69
Peter Matthews,99
Louise Nielson,36
Alex Ulyatt,40
Fred Allcott,70
Percy Thorpe,27
Ada Driscoll,12
Havana Vass,62
Louise Archer,27
Mary Holmes,2
Rufus Anderson,70
Nathan Calderwood,18
Julia Bingham,44
William Rehman,69
Daron Jenkins,91
Caleb Walsh,5
Sylvia Roth,24
Oliver Woodcock,44
Jack Ashley,6
Oliver Fields,9
Colleen Wallace,99
Adelaide Morris,36
Maia Moore,60
Angela Reese,80
William Underhill,53
Logan Whittle,76
Ciara Noon,25
Winnie Wilde,64
Carl Antcliff,28
Ronald Judd,12
Harry Russell,64
Liam Utterson,81
Ryan Cameron,98
Melanie Newman,92
Chuck Emerson,36
Julius Haines,47
Jacob Aldridge,29
Alice Raven,50
Enoch Spencer,82
Anabelle Crawford,64
Belinda Andersson,9
Ron Walker,11
Nick Pearce,81
Ronald Wren,76
Andrea Milner,22
Sofia Johnson,26
Bart Jackson,93
Melanie Andrews,9
Felicity Latham,24
Benjamin Bolton,90
Renee Gordon,13
Maxwell Simpson,66
Aisha Archer,92
Maggie Hammond,56
Parker Sinclair,12
Rosalee Janes,63
Juliette Utterson,68
Alex Hunter,27
Cara Gonzales,65
Henry Jenkin,36
Mason Brooks,42
Chris Payne,82
Vera Gosling,86
Hank Hopkins,44
Maxwell Glass,44
Joyce Bailey,89
Marla Welsch,42
Amy Lewin,54
Rylee Hamilton,69
Brooklyn Eddison,57
Camden Newton,43
Matthew Morris,11
Bryon Wills,70
Daniel Logan,76
Bryon Knight,24
Bernadette Olivier,64
Miley Kelly,95
Violet Spencer,28
Camila Griffiths,98
Jayden Wright,96
Clint Allwood,85
Louise Williams,3
Josephine Baldwin,43
Chris Vane,87
Rick Cooper,13
Dorothy Mackenzie,74
Javier Tennant,51
Valerie Harris,66
Mandy Roscoe,34
Enoch Flett,90
Marina Mcgee,85
Alan Russell,98
Oliver Woods,43
George Murphy,30
Roger Larsen,17
Kate Walker,77
Henry Hall,48
Sylvia Cadman,78
Julius Bryant,90
Carl Irving,43
Benjamin Tate,41
Chester York,28
Ivy Taylor,67
Diane Campbell,62
Tania Stevens,40
Anthony Butler,71
Eduardo Drummond,53
Joseph Marshall,15
Aiden Norton,69
Gil Boden,22
Monica Carter,92
Carl Carson,81
Denis Adams,7
Sofie Neal,31
Danny Preston,47
Michaela Walker,78
Hayden Whitmore,67
Ivette Noach,65
Peter Randall,83
Jessica Underhill,36
Adalind Goodman,50
Bristol Owen,76
Brad Hudson,92
Joseph Miller,98
Ilona Kent,95
Camden Whatson,69
Daron Douglas,18
Enoch Rigg,19
Renee Chappell,74
Jack Windsor,20
Liv Fox,71
Rhea Payne,42
Michael Knight,86
Iris Walsh,88
Julian Snell,49
Carmen Mcnally,11
Henry Terry,58
Jack Walsh,90
Johnny Cooper,36
Carl Allen,77
Peter Vollans,6
Eduardo Clarkson,87
Emely Skinner,74
Rufus Eyres,5
Angel Collis,11
Carter Verdon,87
Harry Goldsmith,41
Selena Griffiths,34
Isabella Cork,83
Percy Harper,53
Alan Shelton,85
Bryce Farrow,16
Bob Addison,73
Lorraine May,87
Ronald Upton,69
William Sinclair,91
Eduardo Eaton,91
Regina Varley,72
Olivia Weasley,73
Camden Vane,24
Regina Exton,82
Matthew Partridge,80
Sienna Robinson,45
Carl Salt,59
Cecilia Abbot,22
Valerie White,40
Kurt Thomas,17
Henry Willis,24
Kurt Donovan,68
Johnathan Dubois,28
Sara Hooper,1
Chester Chapman,72
Josh Utterson,78
Aiden Jobson,28
Ryan Douglas,34
Sloane Needham,1
Ethan Morris,30
Britney Norburn,3
George Dixon,53
Dalia Osman,77
Chester Porter,4
Elijah Kerr,78
Nicole Asher,49
Victoria Goodman,18
Judith Butler,47
Jennifer Moore,78
Angela Hopkinson,81
Leanne Dallas,38
Carl Dickson,72
Holly Shea,62
Jacob Ogilvy,97
Andie Everett,88
Carrie Ramsey,52
John Lucas,82
Chris Sylvester,5
Tyler Pickard,37
Harry Lane,67
Kamila Armstrong,98
George Khan,62
Melanie Townend,32
Keira Trent,19
Domenic Kelly,54
Denny Lindop,55
Irene Thomas,25
Percy Lunt,55
Michael Baker,45
Fred Jeffery,59
Marilyn Alcroft,50
Summer Adams,18
Denis Scott,62
Carl Denton,92
Naomi Shaw,98
Daniel Coates,74
Henry Lunt,23
Wade Forester,4
Owen Kaur,18
Liam Mooney,81
Danny Addis,49
Dalia Cunningham,24
Isla Lyon,82
Owen Cartwright,20
Wade Gosling,78
Bart Moss,16
Naomi Tanner,72
Rylee Leigh,44
Julia Jarvis,98
Samara Reynolds,55
Fred Taylor,28
Nicole Ross,13
Megan Rothwell,17
Candice Robinson,58
Olivia Simmons,90
Juliette Amstead,6
Isla Walker,90
Carter Briggs,10
Gina Douglas,69
Eduardo Wren,14
Mya Saunders,46
Tara Cunningham,97
Amy Vaughan,34
Denny Pierce,42
Doug Ellery,41
Alan Lambert,81
Elijah Martin,19
Danny Mcneill,56
Anabel Long,75
Roger Watson,79
Cassandra Mills,51
Eve Garcia,62
Peter Norburn,7
Owen Owens,23
Ethan Cox,65
Ronald Morgan,88
Brooklyn Cork,9
Johnny Archer,8
Noemi Tutton,5
Bryon Gavin,30
Madelyn Watson,55
Camila Dale,1
Barry Jones,31
Diane Fleming,50
Chelsea Redfern,51
Margaret Hunter,66
Russel Mills,47
Dasha Swan,55
Tyler Miller,59
Alma Haines,71
Cynthia Dobson,69
Miriam Devonport,21
Chelsea Hastings,51
Violet Nicholls,83
Michael Walsh,73
Parker Adams,6
Johnny Payne,67
William Bayliss,61
Christy Henderson,43
Kate Johnson,92
David Riley,32
Kurt Moreno,93
Bryon Clifton,26
Chuck Kent,89
Josh Slater,13
Caydence Locke,67
Luke Baxter,45
Cristal Tailor,85
Miley Parker,9
Anthony Nielson,12
Keira Kidd,5
Lana Mullins,73
Jack Wade,81
Roger Graham,43
Roger Bradley,65
Tyler Addley,11
Violet Callan,32
Ivette Shepherd,45
Carol Ellis,55
Amy Gilmore,28
Moira Warner,10
Aisha Kelly,25
Celina Clarke,44
Nate Wright,76
Carina Tanner,45
Vicky Franks,63
Ryan Foxley,55
Harmony Robinson,51
Janice Thomas,94
Daron Gavin,87
Cynthia Watson,17
Eduardo Glynn,55
Michael Gavin,16
Noah Forester,30
Lily Shelton,17
Henry Gaynor,2
Adalind Mooney,6
Javier Campbell,86
Ramon Jennson,83
Barry Dann,14
Chadwick Saunders,23
Luke Rogers,83
Chester Pope,90
Dorothy Partridge,17
Gabriel Cameron,33
Estrella Paterson,41
Rufus Ingram,94
Eduardo Yang,47
Vicky Barclay,4
Maia Vass,20
Candace Moreno,73
Valerie Rogers,12
Regina Fleming,82
Ron Simpson,45
Ryan Fowler,38
Owen Armstrong,61
Eve Johnson,39
Hazel Lloyd,96
Denny James,37
Eduardo Allen,25
Fred Lynn,64
Adina Casey,8
Vanessa Denton,51
Joseph Cadman,7
Noah London,10
Valerie Price,10
Carla Archer,31
Bob Dixon,76
Bob Dillon,87
Rufus Redfern,7
Ally Wilton,31
Renee Young,13
Michael Turner,62
Luke Hall,72
Dalia Appleton,65
Shannon Raven,46
Benny Parsons,92
Boris Coll,22
Doug Campbell,99
John Robe,41
Erick Styles,52
Mark Reid,65
Boris Dixon,89
Owen Gray,50
Helen Walsh,52
Keira Ring,1
Ivette Utterson,94
Valerie Preston,85
Daria Whitehouse,89
Aiden Norton,1
Kurt Walker,57
Tom Gray,95
Harry Strong,86
Audrey Clarke,59
Diane Casey,45
Emma White,15
Vicky Fox,59
Ruby Speed,56
Rosalee Locke,33
Leroy Taylor,77
Gil Jenkin,71
Tyler Saunders,85
Irene Camden,37
Sage Thompson,78
Isabel Osman,10
Samara Wise,11
Nathan Nelson,28
Maggie Varley,71
Sabrina Evans,22
Miriam Eyres,76
Olivia Jeffery,26
Elijah Reid,23
Rosalie Boyle,54
Carter Gibson,28
Lexi Stevens,88
Sloane Bennett,99
Valerie Waterhouse,66
Evie Eagle,82
Aleksandra Fowler,66
Meredith Lloyd,82
Anabel Benson,61
Moira Craig,61
Cecilia Dobson,33
Julia Plant,2
Martin Roth,36
Elijah Giles,75
Regina Saunders,52
Jules King,73
Kimberly Avery,26
Logan Rowan,24
Rebecca Stevens,62
Maria Mould,56
Lily Reynolds,51
Macy Zaoui,31
Leroy Hall,5
Isla Reading,90
Elijah Wood,8
Eileen Roscoe,92
Mya Judd,15
Liam Driscoll,96
Hazel Matthews,38
Teagan Silva,51
Tyler Rixon,4
Manuel Silva,31
Carl Noon,37
Logan Dallas,78
Alan Evans,84
Janice Ross,91
Harvey Sheldon,65
Barney Jackson,38
Carl Spencer,59
Chanelle Huggins,88
Gil York,6
Alex Thompson,34
Chuck Stone ,35
Mara Ramsey,10
Gemma Cobb,99
Evie Martin,64
Zara Talbot,11
Johnny Squire,33
Cedrick Whittle,74
Henry Burnley,25
Luna Tailor,94
Chuck Simpson,73
Ryan Lane,94
Percy Mann,5
Joseph Page ,98
Rick Martin,18
Matt Durrant,93
Anthony Mason,84
Julian Oatway,43
Isabel Douglas,82
Harry Flynn,57
Sarah Hancock,1
Alan Rowlands,15
Cadence Wallace,47
Anthony Oldfield,73
Rick Mooney,48
Alex Lindsay,1
Peter Lane,24
Jack Walsh,91
Martin Donnelly,34